first_name,last_name,match_query,match_result,score,match_result_values,destTable,sourceTable
Robert,Davis,RobertDavis,HerbertDavis,86.95652173913044,"{'nombre': 'Herbert', 'apellido': 'Davis'}",crm.Clientes,dbo.Usuarios
Robert,Davis,RobertDavis,HerbertDavis,86.95652173913044,"{'nombre': 'Herbert', 'apellido': 'Davis'}",crm.Clientes,dbo.Usuarios
Robert,Davis,RobertDavis,HerbertDavis,86.95652173913044,"{'nombre': 'Herbert', 'apellido': 'Davis'}",crm.Clientes,dbo.Usuarios
Robert,Davis,RobertDavis,HerbertDavis,86.95652173913044,"{'nombre': 'Herbert', 'apellido': 'Davis'}",crm.Clientes,dbo.Usuarios
April,Gonzalez,AprilGonzalez,AprilGonzalez,100.0,"{'nombre': 'April', 'apellido': 'Gonzalez'}",crm.Clientes,dbo.Usuarios
April,Gonzalez,AprilGonzalez,MichaelGonzalez,71.42857142857143,"{'nombre': 'Michael', 'apellido': 'Gonzalez'}",crm.Clientes,dbo.Usuarios
April,Gonzalez,AprilGonzalez,AprilGonzalez,100.0,"{'nombre': 'April', 'apellido': 'Gonzalez'}",crm.Clientes,dbo.Usuarios
April,Gonzalez,AprilGonzalez,MichaelGonzalez,71.42857142857143,"{'nombre': 'Michael', 'apellido': 'Gonzalez'}",crm.Clientes,dbo.Usuarios
April,Gonzalez,AprilGonzalez,AprilGonzalez,100.0,"{'nombre': 'April', 'apellido': 'Gonzalez'}",crm.Clientes,dbo.Usuarios
April,Gonzalez,AprilGonzalez,MichaelGonzalez,71.42857142857143,"{'nombre': 'Michael', 'apellido': 'Gonzalez'}",crm.Clientes,dbo.Usuarios
April,Gonzalez,AprilGonzalez,AprilGonzalez,100.0,"{'nombre': 'April', 'apellido': 'Gonzalez'}",crm.Clientes,dbo.Usuarios
April,Gonzalez,AprilGonzalez,MichaelGonzalez,71.42857142857143,"{'nombre': 'Michael', 'apellido': 'Gonzalez'}",crm.Clientes,dbo.Usuarios
Colton,Collins,ColtonCollins,ColtonCollins,100.0,"{'nombre': 'Colton', 'apellido': 'Collins'}",crm.Clientes,dbo.Usuarios
Colton,Collins,ColtonCollins,ColtonCollins,100.0,"{'nombre': 'Colton', 'apellido': 'Collins'}",crm.Clientes,dbo.Usuarios
Colton,Collins,ColtonCollins,ColtonCollins,100.0,"{'nombre': 'Colton', 'apellido': 'Collins'}",crm.Clientes,dbo.Usuarios
Colton,Collins,ColtonCollins,ColtonCollins,100.0,"{'nombre': 'Colton', 'apellido': 'Collins'}",crm.Clientes,dbo.Usuarios
Joseph,Yang,JosephYang,JosephYang,100.0,"{'nombre': 'Joseph', 'apellido': 'Yang'}",crm.Clientes,dbo.Usuarios
Joseph,Yang,JosephYang,JosephMason,76.19047619047619,"{'nombre': 'Joseph', 'apellido': 'Mason'}",crm.Clientes,dbo.Usuarios
Joseph,Yang,JosephYang,JosephYang,100.0,"{'nombre': 'Joseph', 'apellido': 'Yang'}",crm.Clientes,dbo.Usuarios
Joseph,Yang,JosephYang,JosephMason,76.19047619047619,"{'nombre': 'Joseph', 'apellido': 'Mason'}",crm.Clientes,dbo.Usuarios
Joseph,Yang,JosephYang,JosephYang,100.0,"{'nombre': 'Joseph', 'apellido': 'Yang'}",crm.Clientes,dbo.Usuarios
Joseph,Yang,JosephYang,JosephMason,76.19047619047619,"{'nombre': 'Joseph', 'apellido': 'Mason'}",crm.Clientes,dbo.Usuarios
Joseph,Yang,JosephYang,JosephYang,100.0,"{'nombre': 'Joseph', 'apellido': 'Yang'}",crm.Clientes,dbo.Usuarios
Joseph,Yang,JosephYang,JosephMason,76.19047619047619,"{'nombre': 'Joseph', 'apellido': 'Mason'}",crm.Clientes,dbo.Usuarios
Michelle,Logan,MichelleLogan,MichelleLogan,100.0,"{'nombre': 'Michelle', 'apellido': 'Logan'}",crm.Clientes,dbo.Usuarios
Michelle,Logan,MichelleLogan,MichelleLogan,100.0,"{'nombre': 'Michelle', 'apellido': 'Logan'}",crm.Clientes,dbo.Usuarios
Michelle,Logan,MichelleLogan,MichelleLogan,100.0,"{'nombre': 'Michelle', 'apellido': 'Logan'}",crm.Clientes,dbo.Usuarios
Michelle,Logan,MichelleLogan,MichelleLogan,100.0,"{'nombre': 'Michelle', 'apellido': 'Logan'}",crm.Clientes,dbo.Usuarios
Mary,Pollard,MaryPollard,MaryPollard,100.0,"{'nombre': 'Mary', 'apellido': 'Pollard'}",crm.Clientes,dbo.Usuarios
Mary,Pollard,MaryPollard,MaryPollard,100.0,"{'nombre': 'Mary', 'apellido': 'Pollard'}",crm.Clientes,dbo.Usuarios
Mary,Pollard,MaryPollard,MaryPollard,100.0,"{'nombre': 'Mary', 'apellido': 'Pollard'}",crm.Clientes,dbo.Usuarios
Mary,Pollard,MaryPollard,MaryPollard,100.0,"{'nombre': 'Mary', 'apellido': 'Pollard'}",crm.Clientes,dbo.Usuarios
Gail,Harris,GailHarris,GailHarris,100.0,"{'nombre': 'Gail', 'apellido': 'Harris'}",crm.Clientes,dbo.Usuarios
Gail,Harris,GailHarris,DanielHarrison,75.0,"{'nombre': 'Daniel', 'apellido': 'Harrison'}",crm.Clientes,dbo.Usuarios
Gail,Harris,GailHarris,GailHarris,100.0,"{'nombre': 'Gail', 'apellido': 'Harris'}",crm.Clientes,dbo.Usuarios
Gail,Harris,GailHarris,DanielHarrison,75.0,"{'nombre': 'Daniel', 'apellido': 'Harrison'}",crm.Clientes,dbo.Usuarios
Gail,Harris,GailHarris,GailHarris,100.0,"{'nombre': 'Gail', 'apellido': 'Harris'}",crm.Clientes,dbo.Usuarios
Gail,Harris,GailHarris,DanielHarrison,75.0,"{'nombre': 'Daniel', 'apellido': 'Harrison'}",crm.Clientes,dbo.Usuarios
Gail,Harris,GailHarris,GailHarris,100.0,"{'nombre': 'Gail', 'apellido': 'Harris'}",crm.Clientes,dbo.Usuarios
Gail,Harris,GailHarris,DanielHarrison,75.0,"{'nombre': 'Daniel', 'apellido': 'Harrison'}",crm.Clientes,dbo.Usuarios
Lauren,Fletcher,LaurenFletcher,LaurenFletcher,100.0,"{'nombre': 'Lauren', 'apellido': 'Fletcher'}",crm.Clientes,dbo.Usuarios
Lauren,Fletcher,LaurenFletcher,LaurenFletcher,100.0,"{'nombre': 'Lauren', 'apellido': 'Fletcher'}",crm.Clientes,dbo.Usuarios
Lauren,Fletcher,LaurenFletcher,LaurenFletcher,100.0,"{'nombre': 'Lauren', 'apellido': 'Fletcher'}",crm.Clientes,dbo.Usuarios
Lauren,Fletcher,LaurenFletcher,LaurenFletcher,100.0,"{'nombre': 'Lauren', 'apellido': 'Fletcher'}",crm.Clientes,dbo.Usuarios
Alan,Liu,AlanLiu,AlanLiu,100.0,"{'nombre': 'Alan', 'apellido': 'Liu'}",crm.Clientes,dbo.Usuarios
Alan,Liu,AlanLiu,AlanLiu,100.0,"{'nombre': 'Alan', 'apellido': 'Liu'}",crm.Clientes,dbo.Usuarios
Alan,Liu,AlanLiu,AlanLiu,100.0,"{'nombre': 'Alan', 'apellido': 'Liu'}",crm.Clientes,dbo.Usuarios
Alan,Liu,AlanLiu,AlanLiu,100.0,"{'nombre': 'Alan', 'apellido': 'Liu'}",crm.Clientes,dbo.Usuarios
Douglas,Williams,DouglasWilliams,DouglasWilliams,100.0,"{'nombre': 'Douglas', 'apellido': 'Williams'}",crm.Clientes,dbo.Usuarios
Douglas,Williams,DouglasWilliams,DouglasWilliams,100.0,"{'nombre': 'Douglas', 'apellido': 'Williams'}",crm.Clientes,dbo.Usuarios
Douglas,Williams,DouglasWilliams,DouglasWilliams,100.0,"{'nombre': 'Douglas', 'apellido': 'Williams'}",crm.Clientes,dbo.Usuarios
Douglas,Williams,DouglasWilliams,DouglasWilliams,100.0,"{'nombre': 'Douglas', 'apellido': 'Williams'}",crm.Clientes,dbo.Usuarios
Daniel,Smith,DanielSmith,DanielSmith,100.0,"{'nombre': 'Daniel', 'apellido': 'Smith'}",crm.Clientes,dbo.Usuarios
Daniel,Smith,DanielSmith,DanielSmith,100.0,"{'nombre': 'Daniel', 'apellido': 'Smith'}",crm.Clientes,dbo.Usuarios
Daniel,Smith,DanielSmith,DanielSmith,100.0,"{'nombre': 'Daniel', 'apellido': 'Smith'}",crm.Clientes,dbo.Usuarios
Daniel,Smith,DanielSmith,DanielSmith,100.0,"{'nombre': 'Daniel', 'apellido': 'Smith'}",crm.Clientes,dbo.Usuarios
Daniel,Smith,DanielSmith,DanielSmith,100.0,"{'nombre': 'Daniel', 'apellido': 'Smith'}",crm.Clientes,dbo.Usuarios
Daniel,Smith,DanielSmith,DanielSmith,100.0,"{'nombre': 'Daniel', 'apellido': 'Smith'}",crm.Clientes,dbo.Usuarios
Daniel,Smith,DanielSmith,DanielSmith,100.0,"{'nombre': 'Daniel', 'apellido': 'Smith'}",crm.Clientes,dbo.Usuarios
Daniel,Smith,DanielSmith,DanielSmith,100.0,"{'nombre': 'Daniel', 'apellido': 'Smith'}",crm.Clientes,dbo.Usuarios
Christopher,Jensen,ChristopherJensen,ChristopherJensen,100.0,"{'nombre': 'Christopher', 'apellido': 'Jensen'}",crm.Clientes,dbo.Usuarios
Christopher,Jensen,ChristopherJensen,ChristopherLane,81.25,"{'nombre': 'Christopher', 'apellido': 'Lane'}",crm.Clientes,dbo.Usuarios
Christopher,Jensen,ChristopherJensen,ChristopherBowen,78.78787878787878,"{'nombre': 'Christopher', 'apellido': 'Bowen'}",crm.Clientes,dbo.Usuarios
Christopher,Jensen,ChristopherJensen,ChristopherMorales,74.28571428571429,"{'nombre': 'Christopher', 'apellido': 'Morales'}",crm.Clientes,dbo.Usuarios
Christopher,Jensen,ChristopherJensen,ChristopherMoore,72.72727272727273,"{'nombre': 'Christopher', 'apellido': 'Moore'}",crm.Clientes,dbo.Usuarios
Christopher,Jensen,ChristopherJensen,ChristopherJensen,100.0,"{'nombre': 'Christopher', 'apellido': 'Jensen'}",crm.Clientes,dbo.Usuarios
Christopher,Jensen,ChristopherJensen,ChristopherLane,81.25,"{'nombre': 'Christopher', 'apellido': 'Lane'}",crm.Clientes,dbo.Usuarios
Christopher,Jensen,ChristopherJensen,ChristopherBowen,78.78787878787878,"{'nombre': 'Christopher', 'apellido': 'Bowen'}",crm.Clientes,dbo.Usuarios
Christopher,Jensen,ChristopherJensen,ChristopherMorales,74.28571428571429,"{'nombre': 'Christopher', 'apellido': 'Morales'}",crm.Clientes,dbo.Usuarios
Christopher,Jensen,ChristopherJensen,ChristopherMoore,72.72727272727273,"{'nombre': 'Christopher', 'apellido': 'Moore'}",crm.Clientes,dbo.Usuarios
Christopher,Jensen,ChristopherJensen,ChristopherJensen,100.0,"{'nombre': 'Christopher', 'apellido': 'Jensen'}",crm.Clientes,dbo.Usuarios
Christopher,Jensen,ChristopherJensen,ChristopherLane,81.25,"{'nombre': 'Christopher', 'apellido': 'Lane'}",crm.Clientes,dbo.Usuarios
Christopher,Jensen,ChristopherJensen,ChristopherBowen,78.78787878787878,"{'nombre': 'Christopher', 'apellido': 'Bowen'}",crm.Clientes,dbo.Usuarios
Christopher,Jensen,ChristopherJensen,ChristopherMorales,74.28571428571428,"{'nombre': 'Christopher', 'apellido': 'Morales'}",crm.Clientes,dbo.Usuarios
Christopher,Jensen,ChristopherJensen,ChristopherMoore,72.72727272727272,"{'nombre': 'Christopher', 'apellido': 'Moore'}",crm.Clientes,dbo.Usuarios
Christopher,Jensen,ChristopherJensen,ChristopherJensen,100.0,"{'nombre': 'Christopher', 'apellido': 'Jensen'}",crm.Clientes,dbo.Usuarios
Christopher,Jensen,ChristopherJensen,ChristopherLane,81.25,"{'nombre': 'Christopher', 'apellido': 'Lane'}",crm.Clientes,dbo.Usuarios
Christopher,Jensen,ChristopherJensen,ChristopherBowen,78.78787878787878,"{'nombre': 'Christopher', 'apellido': 'Bowen'}",crm.Clientes,dbo.Usuarios
Christopher,Jensen,ChristopherJensen,ChristopherMorales,74.28571428571429,"{'nombre': 'Christopher', 'apellido': 'Morales'}",crm.Clientes,dbo.Usuarios
Christopher,Jensen,ChristopherJensen,ChristopherMoore,72.72727272727273,"{'nombre': 'Christopher', 'apellido': 'Moore'}",crm.Clientes,dbo.Usuarios
Haley,Rodriguez,HaleyRodriguez,HaleyRodriguez,100.0,"{'nombre': 'Haley', 'apellido': 'Rodriguez'}",crm.Clientes,dbo.Usuarios
Haley,Rodriguez,HaleyRodriguez,HaleyRodriguez,100.0,"{'nombre': 'Haley', 'apellido': 'Rodriguez'}",crm.Clientes,dbo.Usuarios
Haley,Rodriguez,HaleyRodriguez,HaleyRodriguez,100.0,"{'nombre': 'Haley', 'apellido': 'Rodriguez'}",crm.Clientes,dbo.Usuarios
Haley,Rodriguez,HaleyRodriguez,HaleyRodriguez,100.0,"{'nombre': 'Haley', 'apellido': 'Rodriguez'}",crm.Clientes,dbo.Usuarios
Alexis,Cox,AlexisCox,AlexisCox,100.0,"{'nombre': 'Alexis', 'apellido': 'Cox'}",crm.Clientes,dbo.Usuarios
Alexis,Cox,AlexisCox,AlexisCox,100.0,"{'nombre': 'Alexis', 'apellido': 'Cox'}",crm.Clientes,dbo.Usuarios
Alexis,Cox,AlexisCox,AlexisCox,100.0,"{'nombre': 'Alexis', 'apellido': 'Cox'}",crm.Clientes,dbo.Usuarios
Alexis,Cox,AlexisCox,AlexisCox,100.0,"{'nombre': 'Alexis', 'apellido': 'Cox'}",crm.Clientes,dbo.Usuarios
Deborah,Davis,DeborahDavis,DeborahDavis,100.0,"{'nombre': 'Deborah', 'apellido': 'Davis'}",crm.Clientes,dbo.Usuarios
Deborah,Davis,DeborahDavis,DeborahDavis,100.0,"{'nombre': 'Deborah', 'apellido': 'Davis'}",crm.Clientes,dbo.Usuarios
Deborah,Davis,DeborahDavis,DeborahDavis,100.0,"{'nombre': 'Deborah', 'apellido': 'Davis'}",crm.Clientes,dbo.Usuarios
Deborah,Davis,DeborahDavis,DeborahDavis,100.0,"{'nombre': 'Deborah', 'apellido': 'Davis'}",crm.Clientes,dbo.Usuarios
Brenda,Reynolds,BrendaReynolds,BrendaReynolds,100.0,"{'nombre': 'Brenda', 'apellido': 'Reynolds'}",crm.Clientes,dbo.Usuarios
Brenda,Reynolds,BrendaReynolds,BrendaReynolds,100.0,"{'nombre': 'Brenda', 'apellido': 'Reynolds'}",crm.Clientes,dbo.Usuarios
Brenda,Reynolds,BrendaReynolds,BrendaReynolds,100.0,"{'nombre': 'Brenda', 'apellido': 'Reynolds'}",crm.Clientes,dbo.Usuarios
Brenda,Reynolds,BrendaReynolds,BrendaReynolds,100.0,"{'nombre': 'Brenda', 'apellido': 'Reynolds'}",crm.Clientes,dbo.Usuarios
Paul,Nash,PaulNash,PaulNash,100.0,"{'nombre': 'Paul', 'apellido': 'Nash'}",crm.Clientes,dbo.Usuarios
Paul,Nash,PaulNash,PaulNash,100.0,"{'nombre': 'Paul', 'apellido': 'Nash'}",crm.Clientes,dbo.Usuarios
Paul,Nash,PaulNash,PaulNash,100.0,"{'nombre': 'Paul', 'apellido': 'Nash'}",crm.Clientes,dbo.Usuarios
Paul,Nash,PaulNash,PaulNash,100.0,"{'nombre': 'Paul', 'apellido': 'Nash'}",crm.Clientes,dbo.Usuarios
Steven,Parsons,StevenParsons,StevenParsons,100.0,"{'nombre': 'Steven', 'apellido': 'Parsons'}",crm.Clientes,dbo.Usuarios
Steven,Parsons,StevenParsons,StevenParsons,100.0,"{'nombre': 'Steven', 'apellido': 'Parsons'}",crm.Clientes,dbo.Usuarios
Steven,Parsons,StevenParsons,StevenParsons,100.0,"{'nombre': 'Steven', 'apellido': 'Parsons'}",crm.Clientes,dbo.Usuarios
Steven,Parsons,StevenParsons,StevenParsons,100.0,"{'nombre': 'Steven', 'apellido': 'Parsons'}",crm.Clientes,dbo.Usuarios
Adrian,Richards,AdrianRichards,AdrianRichards,100.0,"{'nombre': 'Adrian', 'apellido': 'Richards'}",crm.Clientes,dbo.Usuarios
Adrian,Richards,AdrianRichards,AdrianRichards,100.0,"{'nombre': 'Adrian', 'apellido': 'Richards'}",crm.Clientes,dbo.Usuarios
Adrian,Richards,AdrianRichards,AdrianRichards,100.0,"{'nombre': 'Adrian', 'apellido': 'Richards'}",crm.Clientes,dbo.Usuarios
Adrian,Richards,AdrianRichards,AdrianRichards,100.0,"{'nombre': 'Adrian', 'apellido': 'Richards'}",crm.Clientes,dbo.Usuarios
Kristin,Hall,KristinHall,KristinHall,100.0,"{'nombre': 'Kristin', 'apellido': 'Hall'}",crm.Clientes,dbo.Usuarios
Kristin,Hall,KristinHall,KristinRandall,80.0,"{'nombre': 'Kristin', 'apellido': 'Randall'}",crm.Clientes,dbo.Usuarios
Kristin,Hall,KristinHall,KristinHall,100.0,"{'nombre': 'Kristin', 'apellido': 'Hall'}",crm.Clientes,dbo.Usuarios
Kristin,Hall,KristinHall,KristinRandall,80.0,"{'nombre': 'Kristin', 'apellido': 'Randall'}",crm.Clientes,dbo.Usuarios
Kristin,Hall,KristinHall,KristinHall,100.0,"{'nombre': 'Kristin', 'apellido': 'Hall'}",crm.Clientes,dbo.Usuarios
Kristin,Hall,KristinHall,KristinRandall,80.0,"{'nombre': 'Kristin', 'apellido': 'Randall'}",crm.Clientes,dbo.Usuarios
Kristin,Hall,KristinHall,KristinHall,100.0,"{'nombre': 'Kristin', 'apellido': 'Hall'}",crm.Clientes,dbo.Usuarios
Kristin,Hall,KristinHall,KristinRandall,80.0,"{'nombre': 'Kristin', 'apellido': 'Randall'}",crm.Clientes,dbo.Usuarios
Gerald,Brown,GeraldBrown,GeraldBrown,100.0,"{'nombre': 'Gerald', 'apellido': 'Brown'}",crm.Clientes,dbo.Usuarios
Gerald,Brown,GeraldBrown,GinaBrown,70.0,"{'nombre': 'Gina', 'apellido': 'Brown'}",crm.Clientes,dbo.Usuarios
Gerald,Brown,GeraldBrown,GeraldBrown,100.0,"{'nombre': 'Gerald', 'apellido': 'Brown'}",crm.Clientes,dbo.Usuarios
Gerald,Brown,GeraldBrown,GinaBrown,70.0,"{'nombre': 'Gina', 'apellido': 'Brown'}",crm.Clientes,dbo.Usuarios
Gerald,Brown,GeraldBrown,GeraldBrown,100.0,"{'nombre': 'Gerald', 'apellido': 'Brown'}",crm.Clientes,dbo.Usuarios
Gerald,Brown,GeraldBrown,GinaBrown,70.0,"{'nombre': 'Gina', 'apellido': 'Brown'}",crm.Clientes,dbo.Usuarios
Gerald,Brown,GeraldBrown,GeraldBrown,100.0,"{'nombre': 'Gerald', 'apellido': 'Brown'}",crm.Clientes,dbo.Usuarios
Gerald,Brown,GeraldBrown,GinaBrown,70.0,"{'nombre': 'Gina', 'apellido': 'Brown'}",crm.Clientes,dbo.Usuarios
Susan,Freeman,SusanFreeman,SusanFreeman,100.0,"{'nombre': 'Susan', 'apellido': 'Freeman'}",crm.Clientes,dbo.Usuarios
Susan,Freeman,SusanFreeman,SusanFreeman,100.0,"{'nombre': 'Susan', 'apellido': 'Freeman'}",crm.Clientes,dbo.Usuarios
Susan,Freeman,SusanFreeman,SusanFreeman,100.0,"{'nombre': 'Susan', 'apellido': 'Freeman'}",crm.Clientes,dbo.Usuarios
Susan,Freeman,SusanFreeman,SusanFreeman,100.0,"{'nombre': 'Susan', 'apellido': 'Freeman'}",crm.Clientes,dbo.Usuarios
Gary,Thornton,GaryThornton,GaryThornton,100.0,"{'nombre': 'Gary', 'apellido': 'Thornton'}",crm.Clientes,dbo.Usuarios
Gary,Thornton,GaryThornton,GaryThornton,100.0,"{'nombre': 'Gary', 'apellido': 'Thornton'}",crm.Clientes,dbo.Usuarios
Gary,Thornton,GaryThornton,GaryThornton,100.0,"{'nombre': 'Gary', 'apellido': 'Thornton'}",crm.Clientes,dbo.Usuarios
Gary,Thornton,GaryThornton,GaryThornton,100.0,"{'nombre': 'Gary', 'apellido': 'Thornton'}",crm.Clientes,dbo.Usuarios
Joyce,Bailey,JoyceBailey,JoyceBailey,100.0,"{'nombre': 'Joyce', 'apellido': 'Bailey'}",crm.Clientes,dbo.Usuarios
Joyce,Bailey,JoyceBailey,JoyceBailey,100.0,"{'nombre': 'Joyce', 'apellido': 'Bailey'}",crm.Clientes,dbo.Usuarios
Joyce,Bailey,JoyceBailey,JoyceBailey,100.0,"{'nombre': 'Joyce', 'apellido': 'Bailey'}",crm.Clientes,dbo.Usuarios
Joyce,Bailey,JoyceBailey,JoyceBailey,100.0,"{'nombre': 'Joyce', 'apellido': 'Bailey'}",crm.Clientes,dbo.Usuarios
Allison,Hill,AllisonHill,AllisonHill,100.0,"{'nombre': 'Allison', 'apellido': 'Hill'}",crm.Clientes,dbo.Usuarios
Allison,Hill,AllisonHill,AllisonHill,100.0,"{'nombre': 'Allison', 'apellido': 'Hill'}",crm.Clientes,dbo.Usuarios
Allison,Hill,AllisonHill,AllisonHill,100.0,"{'nombre': 'Allison', 'apellido': 'Hill'}",crm.Clientes,dbo.Usuarios
Allison,Hill,AllisonHill,AllisonHill,100.0,"{'nombre': 'Allison', 'apellido': 'Hill'}",crm.Clientes,dbo.Usuarios
Jamie,Miller,JamieMiller,JamieMiller,100.0,"{'nombre': 'Jamie', 'apellido': 'Miller'}",crm.Clientes,dbo.Usuarios
Jamie,Miller,JamieMiller,JamieMiller,100.0,"{'nombre': 'Jamie', 'apellido': 'Miller'}",crm.Clientes,dbo.Usuarios
Jamie,Miller,JamieMiller,JamieMiller,100.0,"{'nombre': 'Jamie', 'apellido': 'Miller'}",crm.Clientes,dbo.Usuarios
Jamie,Miller,JamieMiller,JamieMiller,100.0,"{'nombre': 'Jamie', 'apellido': 'Miller'}",crm.Clientes,dbo.Usuarios
Kimberly,Johnson,KimberlyJohnson,KimberlyJohnson,100.0,"{'nombre': 'Kimberly', 'apellido': 'Johnson'}",crm.Clientes,dbo.Usuarios
Kimberly,Johnson,KimberlyJohnson,KimberlyJohnson,100.0,"{'nombre': 'Kimberly', 'apellido': 'Johnson'}",crm.Clientes,dbo.Usuarios
Kimberly,Johnson,KimberlyJohnson,KimberlyJohnson,100.0,"{'nombre': 'Kimberly', 'apellido': 'Johnson'}",crm.Clientes,dbo.Usuarios
Kimberly,Johnson,KimberlyJohnson,KimberlyJohnson,100.0,"{'nombre': 'Kimberly', 'apellido': 'Johnson'}",crm.Clientes,dbo.Usuarios
Elizabeth,Smith,ElizabethSmith,ElizabethSmith,100.0,"{'nombre': 'Elizabeth', 'apellido': 'Smith'}",crm.Clientes,dbo.Usuarios
Elizabeth,Smith,ElizabethSmith,ElizabethSmith,100.0,"{'nombre': 'Elizabeth', 'apellido': 'Smith'}",crm.Clientes,dbo.Usuarios
Elizabeth,Smith,ElizabethSmith,ElizabethSmith,100.0,"{'nombre': 'Elizabeth', 'apellido': 'Smith'}",crm.Clientes,dbo.Usuarios
Elizabeth,Smith,ElizabethSmith,ElizabethSmith,100.0,"{'nombre': 'Elizabeth', 'apellido': 'Smith'}",crm.Clientes,dbo.Usuarios
Shelly,Estes,ShellyEstes,ShellyEstes,100.0,"{'nombre': 'Shelly', 'apellido': 'Estes'}",crm.Clientes,dbo.Usuarios
Shelly,Estes,ShellyEstes,ShellyEstes,100.0,"{'nombre': 'Shelly', 'apellido': 'Estes'}",crm.Clientes,dbo.Usuarios
Shelly,Estes,ShellyEstes,ShellyEstes,100.0,"{'nombre': 'Shelly', 'apellido': 'Estes'}",crm.Clientes,dbo.Usuarios
Shelly,Estes,ShellyEstes,ShellyEstes,100.0,"{'nombre': 'Shelly', 'apellido': 'Estes'}",crm.Clientes,dbo.Usuarios
Jacob,Williams,JacobWilliams,JacobWilliams,100.0,"{'nombre': 'Jacob', 'apellido': 'Williams'}",crm.Clientes,dbo.Usuarios
Jacob,Williams,JacobWilliams,JacobWilliams,100.0,"{'nombre': 'Jacob', 'apellido': 'Williams'}",crm.Clientes,dbo.Usuarios
Jacob,Williams,JacobWilliams,JacobWilliams,100.0,"{'nombre': 'Jacob', 'apellido': 'Williams'}",crm.Clientes,dbo.Usuarios
Jacob,Williams,JacobWilliams,JacobWilliams,100.0,"{'nombre': 'Jacob', 'apellido': 'Williams'}",crm.Clientes,dbo.Usuarios
Roberto,Chang,RobertoChang,RobertoChang,100.0,"{'nombre': 'Roberto', 'apellido': 'Chang'}",crm.Clientes,dbo.Usuarios
Roberto,Chang,RobertoChang,RobertoChang,100.0,"{'nombre': 'Roberto', 'apellido': 'Chang'}",crm.Clientes,dbo.Usuarios
Roberto,Chang,RobertoChang,RobertoChang,100.0,"{'nombre': 'Roberto', 'apellido': 'Chang'}",crm.Clientes,dbo.Usuarios
Roberto,Chang,RobertoChang,RobertoChang,100.0,"{'nombre': 'Roberto', 'apellido': 'Chang'}",crm.Clientes,dbo.Usuarios
Karen,Smith,KarenSmith,KarenSmith,100.0,"{'nombre': 'Karen', 'apellido': 'Smith'}",crm.Clientes,dbo.Usuarios
Karen,Smith,KarenSmith,SarahSmith,70.0,"{'nombre': 'Sarah', 'apellido': 'Smith'}",crm.Clientes,dbo.Usuarios
Karen,Smith,KarenSmith,KarenSmith,100.0,"{'nombre': 'Karen', 'apellido': 'Smith'}",crm.Clientes,dbo.Usuarios
Karen,Smith,KarenSmith,SarahSmith,70.0,"{'nombre': 'Sarah', 'apellido': 'Smith'}",crm.Clientes,dbo.Usuarios
Karen,Smith,KarenSmith,KarenSmith,100.0,"{'nombre': 'Karen', 'apellido': 'Smith'}",crm.Clientes,dbo.Usuarios
Karen,Smith,KarenSmith,SarahSmith,70.0,"{'nombre': 'Sarah', 'apellido': 'Smith'}",crm.Clientes,dbo.Usuarios
Karen,Smith,KarenSmith,KarenSmith,100.0,"{'nombre': 'Karen', 'apellido': 'Smith'}",crm.Clientes,dbo.Usuarios
Karen,Smith,KarenSmith,SarahSmith,70.0,"{'nombre': 'Sarah', 'apellido': 'Smith'}",crm.Clientes,dbo.Usuarios
Anthony,Hernandez,AnthonyHernandez,AnthonyHernandez,100.0,"{'nombre': 'Anthony', 'apellido': 'Hernandez'}",crm.Clientes,dbo.Usuarios
Anthony,Hernandez,AnthonyHernandez,AshleyHernandez,77.41935483870968,"{'nombre': 'Ashley', 'apellido': 'Hernandez'}",crm.Clientes,dbo.Usuarios
Anthony,Hernandez,AnthonyHernandez,AnthonyHernandez,100.0,"{'nombre': 'Anthony', 'apellido': 'Hernandez'}",crm.Clientes,dbo.Usuarios
Anthony,Hernandez,AnthonyHernandez,AshleyHernandez,77.41935483870968,"{'nombre': 'Ashley', 'apellido': 'Hernandez'}",crm.Clientes,dbo.Usuarios
Anthony,Hernandez,AnthonyHernandez,AnthonyHernandez,100.0,"{'nombre': 'Anthony', 'apellido': 'Hernandez'}",crm.Clientes,dbo.Usuarios
Anthony,Hernandez,AnthonyHernandez,AshleyHernandez,77.41935483870968,"{'nombre': 'Ashley', 'apellido': 'Hernandez'}",crm.Clientes,dbo.Usuarios
Anthony,Hernandez,AnthonyHernandez,AnthonyHernandez,100.0,"{'nombre': 'Anthony', 'apellido': 'Hernandez'}",crm.Clientes,dbo.Usuarios
Anthony,Hernandez,AnthonyHernandez,AshleyHernandez,77.41935483870968,"{'nombre': 'Ashley', 'apellido': 'Hernandez'}",crm.Clientes,dbo.Usuarios
Breanna,Watts,BreannaWatts,BreannaWatts,100.0,"{'nombre': 'Breanna', 'apellido': 'Watts'}",crm.Clientes,dbo.Usuarios
Breanna,Watts,BreannaWatts,BreannaWatts,100.0,"{'nombre': 'Breanna', 'apellido': 'Watts'}",crm.Clientes,dbo.Usuarios
Breanna,Watts,BreannaWatts,BreannaWatts,100.0,"{'nombre': 'Breanna', 'apellido': 'Watts'}",crm.Clientes,dbo.Usuarios
Breanna,Watts,BreannaWatts,BreannaWatts,100.0,"{'nombre': 'Breanna', 'apellido': 'Watts'}",crm.Clientes,dbo.Usuarios
Nicholas,Marshall,NicholasMarshall,NicholasMarshall,100.0,"{'nombre': 'Nicholas', 'apellido': 'Marshall'}",crm.Clientes,dbo.Usuarios
Nicholas,Marshall,NicholasMarshall,NicholasMarshall,100.0,"{'nombre': 'Nicholas', 'apellido': 'Marshall'}",crm.Clientes,dbo.Usuarios
Nicholas,Marshall,NicholasMarshall,NicholasMarshall,100.0,"{'nombre': 'Nicholas', 'apellido': 'Marshall'}",crm.Clientes,dbo.Usuarios
Nicholas,Marshall,NicholasMarshall,NicholasMarshall,100.0,"{'nombre': 'Nicholas', 'apellido': 'Marshall'}",crm.Clientes,dbo.Usuarios
Christopher,Bowen,ChristopherBowen,ChristopherBowen,100.0,"{'nombre': 'Christopher', 'apellido': 'Bowen'}",crm.Clientes,dbo.Usuarios
Christopher,Bowen,ChristopherBowen,ChristopherMoore,81.25,"{'nombre': 'Christopher', 'apellido': 'Moore'}",crm.Clientes,dbo.Usuarios
Christopher,Bowen,ChristopherBowen,ChristopherJensen,78.78787878787878,"{'nombre': 'Christopher', 'apellido': 'Jensen'}",crm.Clientes,dbo.Usuarios
Christopher,Bowen,ChristopherBowen,ChristopherLane,77.41935483870968,"{'nombre': 'Christopher', 'apellido': 'Lane'}",crm.Clientes,dbo.Usuarios
Christopher,Bowen,ChristopherBowen,ChristopherMorales,76.47058823529412,"{'nombre': 'Christopher', 'apellido': 'Morales'}",crm.Clientes,dbo.Usuarios
Christopher,Bowen,ChristopherBowen,ChristopherBowen,100.0,"{'nombre': 'Christopher', 'apellido': 'Bowen'}",crm.Clientes,dbo.Usuarios
Christopher,Bowen,ChristopherBowen,ChristopherMoore,81.25,"{'nombre': 'Christopher', 'apellido': 'Moore'}",crm.Clientes,dbo.Usuarios
Christopher,Bowen,ChristopherBowen,ChristopherJensen,78.78787878787878,"{'nombre': 'Christopher', 'apellido': 'Jensen'}",crm.Clientes,dbo.Usuarios
Christopher,Bowen,ChristopherBowen,ChristopherLane,77.41935483870968,"{'nombre': 'Christopher', 'apellido': 'Lane'}",crm.Clientes,dbo.Usuarios
Christopher,Bowen,ChristopherBowen,ChristopherMorales,76.47058823529412,"{'nombre': 'Christopher', 'apellido': 'Morales'}",crm.Clientes,dbo.Usuarios
Christopher,Bowen,ChristopherBowen,ChristopherBowen,100.0,"{'nombre': 'Christopher', 'apellido': 'Bowen'}",crm.Clientes,dbo.Usuarios
Christopher,Bowen,ChristopherBowen,ChristopherMoore,81.25,"{'nombre': 'Christopher', 'apellido': 'Moore'}",crm.Clientes,dbo.Usuarios
Christopher,Bowen,ChristopherBowen,ChristopherJensen,78.78787878787878,"{'nombre': 'Christopher', 'apellido': 'Jensen'}",crm.Clientes,dbo.Usuarios
Christopher,Bowen,ChristopherBowen,ChristopherLane,77.41935483870968,"{'nombre': 'Christopher', 'apellido': 'Lane'}",crm.Clientes,dbo.Usuarios
Christopher,Bowen,ChristopherBowen,ChristopherMorales,76.47058823529412,"{'nombre': 'Christopher', 'apellido': 'Morales'}",crm.Clientes,dbo.Usuarios
Christopher,Bowen,ChristopherBowen,ChristopherBowen,100.0,"{'nombre': 'Christopher', 'apellido': 'Bowen'}",crm.Clientes,dbo.Usuarios
Christopher,Bowen,ChristopherBowen,ChristopherMoore,81.25,"{'nombre': 'Christopher', 'apellido': 'Moore'}",crm.Clientes,dbo.Usuarios
Christopher,Bowen,ChristopherBowen,ChristopherJensen,78.78787878787878,"{'nombre': 'Christopher', 'apellido': 'Jensen'}",crm.Clientes,dbo.Usuarios
Christopher,Bowen,ChristopherBowen,ChristopherLane,77.41935483870968,"{'nombre': 'Christopher', 'apellido': 'Lane'}",crm.Clientes,dbo.Usuarios
Christopher,Bowen,ChristopherBowen,ChristopherMorales,76.47058823529412,"{'nombre': 'Christopher', 'apellido': 'Morales'}",crm.Clientes,dbo.Usuarios
Nicole,Thompson,NicoleThompson,NicoleThompson,100.0,"{'nombre': 'Nicole', 'apellido': 'Thompson'}",crm.Clientes,dbo.Usuarios
Nicole,Thompson,NicoleThompson,CarmenThompson,71.42857142857143,"{'nombre': 'Carmen', 'apellido': 'Thompson'}",crm.Clientes,dbo.Usuarios
Nicole,Thompson,NicoleThompson,NicoleThompson,100.0,"{'nombre': 'Nicole', 'apellido': 'Thompson'}",crm.Clientes,dbo.Usuarios
Nicole,Thompson,NicoleThompson,CarmenThompson,71.42857142857143,"{'nombre': 'Carmen', 'apellido': 'Thompson'}",crm.Clientes,dbo.Usuarios
Nicole,Thompson,NicoleThompson,NicoleThompson,100.0,"{'nombre': 'Nicole', 'apellido': 'Thompson'}",crm.Clientes,dbo.Usuarios
Nicole,Thompson,NicoleThompson,CarmenThompson,71.42857142857143,"{'nombre': 'Carmen', 'apellido': 'Thompson'}",crm.Clientes,dbo.Usuarios
Nicole,Thompson,NicoleThompson,NicoleThompson,100.0,"{'nombre': 'Nicole', 'apellido': 'Thompson'}",crm.Clientes,dbo.Usuarios
Nicole,Thompson,NicoleThompson,CarmenThompson,71.42857142857143,"{'nombre': 'Carmen', 'apellido': 'Thompson'}",crm.Clientes,dbo.Usuarios
Anna,Russell,AnnaRussell,AnnaRussell,100.0,"{'nombre': 'Anna', 'apellido': 'Russell'}",crm.Clientes,dbo.Usuarios
Anna,Russell,AnnaRussell,AnnaRussell,100.0,"{'nombre': 'Anna', 'apellido': 'Russell'}",crm.Clientes,dbo.Usuarios
Anna,Russell,AnnaRussell,AnnaRussell,100.0,"{'nombre': 'Anna', 'apellido': 'Russell'}",crm.Clientes,dbo.Usuarios
Anna,Russell,AnnaRussell,AnnaRussell,100.0,"{'nombre': 'Anna', 'apellido': 'Russell'}",crm.Clientes,dbo.Usuarios
Donna,King,DonnaKing,DonnaKing,100.0,"{'nombre': 'Donna', 'apellido': 'King'}",crm.Clientes,dbo.Usuarios
Donna,King,DonnaKing,DonnaKing,100.0,"{'nombre': 'Donna', 'apellido': 'King'}",crm.Clientes,dbo.Usuarios
Donna,King,DonnaKing,DonnaKing,100.0,"{'nombre': 'Donna', 'apellido': 'King'}",crm.Clientes,dbo.Usuarios
Donna,King,DonnaKing,DonnaKing,100.0,"{'nombre': 'Donna', 'apellido': 'King'}",crm.Clientes,dbo.Usuarios
Denise,Byrd,DeniseByrd,DeniseByrd,100.0,"{'nombre': 'Denise', 'apellido': 'Byrd'}",crm.Clientes,dbo.Usuarios
Denise,Byrd,DeniseByrd,DeniseByrd,100.0,"{'nombre': 'Denise', 'apellido': 'Byrd'}",crm.Clientes,dbo.Usuarios
Denise,Byrd,DeniseByrd,DeniseByrd,100.0,"{'nombre': 'Denise', 'apellido': 'Byrd'}",crm.Clientes,dbo.Usuarios
Denise,Byrd,DeniseByrd,DeniseByrd,100.0,"{'nombre': 'Denise', 'apellido': 'Byrd'}",crm.Clientes,dbo.Usuarios
Michael,Robinson,MichaelRobinson,MichaelRobinson,100.0,"{'nombre': 'Michael', 'apellido': 'Robinson'}",crm.Clientes,dbo.Usuarios
Michael,Robinson,MichaelRobinson,MichaelJones,74.07407407407408,"{'nombre': 'Michael', 'apellido': 'Jones'}",crm.Clientes,dbo.Usuarios
Michael,Robinson,MichaelRobinson,MichaelRobinson,100.0,"{'nombre': 'Michael', 'apellido': 'Robinson'}",crm.Clientes,dbo.Usuarios
Michael,Robinson,MichaelRobinson,MichaelJones,74.07407407407408,"{'nombre': 'Michael', 'apellido': 'Jones'}",crm.Clientes,dbo.Usuarios
Michael,Robinson,MichaelRobinson,MichaelRobinson,100.0,"{'nombre': 'Michael', 'apellido': 'Robinson'}",crm.Clientes,dbo.Usuarios
Michael,Robinson,MichaelRobinson,MichaelJones,74.07407407407408,"{'nombre': 'Michael', 'apellido': 'Jones'}",crm.Clientes,dbo.Usuarios
Michael,Robinson,MichaelRobinson,MichaelRobinson,100.0,"{'nombre': 'Michael', 'apellido': 'Robinson'}",crm.Clientes,dbo.Usuarios
Michael,Robinson,MichaelRobinson,MichaelJones,74.07407407407408,"{'nombre': 'Michael', 'apellido': 'Jones'}",crm.Clientes,dbo.Usuarios
Daniel,Harrison,DanielHarrison,DanielHarrison,100.0,"{'nombre': 'Daniel', 'apellido': 'Harrison'}",crm.Clientes,dbo.Usuarios
Daniel,Harrison,DanielHarrison,GailHarris,75.0,"{'nombre': 'Gail', 'apellido': 'Harris'}",crm.Clientes,dbo.Usuarios
Daniel,Harrison,DanielHarrison,JamesHarrison,74.07407407407408,"{'nombre': 'James', 'apellido': 'Harrison'}",crm.Clientes,dbo.Usuarios
Daniel,Harrison,DanielHarrison,DanielHarrison,100.0,"{'nombre': 'Daniel', 'apellido': 'Harrison'}",crm.Clientes,dbo.Usuarios
Daniel,Harrison,DanielHarrison,GailHarris,75.0,"{'nombre': 'Gail', 'apellido': 'Harris'}",crm.Clientes,dbo.Usuarios
Daniel,Harrison,DanielHarrison,JamesHarrison,74.07407407407408,"{'nombre': 'James', 'apellido': 'Harrison'}",crm.Clientes,dbo.Usuarios
Daniel,Harrison,DanielHarrison,DanielHarrison,100.0,"{'nombre': 'Daniel', 'apellido': 'Harrison'}",crm.Clientes,dbo.Usuarios
Daniel,Harrison,DanielHarrison,GailHarris,75.0,"{'nombre': 'Gail', 'apellido': 'Harris'}",crm.Clientes,dbo.Usuarios
Daniel,Harrison,DanielHarrison,JamesHarrison,74.07407407407408,"{'nombre': 'James', 'apellido': 'Harrison'}",crm.Clientes,dbo.Usuarios
Daniel,Harrison,DanielHarrison,DanielHarrison,100.0,"{'nombre': 'Daniel', 'apellido': 'Harrison'}",crm.Clientes,dbo.Usuarios
Daniel,Harrison,DanielHarrison,GailHarris,75.0,"{'nombre': 'Gail', 'apellido': 'Harris'}",crm.Clientes,dbo.Usuarios
Daniel,Harrison,DanielHarrison,JamesHarrison,74.07407407407408,"{'nombre': 'James', 'apellido': 'Harrison'}",crm.Clientes,dbo.Usuarios
Jason,Sellers,JasonSellers,JasonSellers,100.0,"{'nombre': 'Jason', 'apellido': 'Sellers'}",crm.Clientes,dbo.Usuarios
Jason,Sellers,JasonSellers,JasonSellers,100.0,"{'nombre': 'Jason', 'apellido': 'Sellers'}",crm.Clientes,dbo.Usuarios
Jason,Sellers,JasonSellers,JasonSellers,100.0,"{'nombre': 'Jason', 'apellido': 'Sellers'}",crm.Clientes,dbo.Usuarios
Jason,Sellers,JasonSellers,JasonSellers,100.0,"{'nombre': 'Jason', 'apellido': 'Sellers'}",crm.Clientes,dbo.Usuarios
Stephanie,Torres,StephanieTorres,StephanieTorres,100.0,"{'nombre': 'Stephanie', 'apellido': 'Torres'}",crm.Clientes,dbo.Usuarios
Stephanie,Torres,StephanieTorres,JosephTorres,74.07407407407408,"{'nombre': 'Joseph', 'apellido': 'Torres'}",crm.Clientes,dbo.Usuarios
Stephanie,Torres,StephanieTorres,StephanieCarroll,70.96774193548387,"{'nombre': 'Stephanie', 'apellido': 'Carroll'}",crm.Clientes,dbo.Usuarios
Stephanie,Torres,StephanieTorres,StephanieTorres,100.0,"{'nombre': 'Stephanie', 'apellido': 'Torres'}",crm.Clientes,dbo.Usuarios
Stephanie,Torres,StephanieTorres,JosephTorres,74.07407407407408,"{'nombre': 'Joseph', 'apellido': 'Torres'}",crm.Clientes,dbo.Usuarios
Stephanie,Torres,StephanieTorres,StephanieCarroll,70.96774193548387,"{'nombre': 'Stephanie', 'apellido': 'Carroll'}",crm.Clientes,dbo.Usuarios
Stephanie,Torres,StephanieTorres,StephanieTorres,100.0,"{'nombre': 'Stephanie', 'apellido': 'Torres'}",crm.Clientes,dbo.Usuarios
Stephanie,Torres,StephanieTorres,JosephTorres,74.07407407407408,"{'nombre': 'Joseph', 'apellido': 'Torres'}",crm.Clientes,dbo.Usuarios
Stephanie,Torres,StephanieTorres,StephanieCarroll,70.96774193548387,"{'nombre': 'Stephanie', 'apellido': 'Carroll'}",crm.Clientes,dbo.Usuarios
Stephanie,Torres,StephanieTorres,StephanieTorres,100.0,"{'nombre': 'Stephanie', 'apellido': 'Torres'}",crm.Clientes,dbo.Usuarios
Stephanie,Torres,StephanieTorres,JosephTorres,74.07407407407408,"{'nombre': 'Joseph', 'apellido': 'Torres'}",crm.Clientes,dbo.Usuarios
Stephanie,Torres,StephanieTorres,StephanieCarroll,70.96774193548387,"{'nombre': 'Stephanie', 'apellido': 'Carroll'}",crm.Clientes,dbo.Usuarios
Kristin,Randall,KristinRandall,KristinRandall,100.0,"{'nombre': 'Kristin', 'apellido': 'Randall'}",crm.Clientes,dbo.Usuarios
Kristin,Randall,KristinRandall,KristinHall,80.0,"{'nombre': 'Kristin', 'apellido': 'Hall'}",crm.Clientes,dbo.Usuarios
Kristin,Randall,KristinRandall,KristinRandall,100.0,"{'nombre': 'Kristin', 'apellido': 'Randall'}",crm.Clientes,dbo.Usuarios
Kristin,Randall,KristinRandall,KristinHall,80.0,"{'nombre': 'Kristin', 'apellido': 'Hall'}",crm.Clientes,dbo.Usuarios
Kristin,Randall,KristinRandall,KristinRandall,100.0,"{'nombre': 'Kristin', 'apellido': 'Randall'}",crm.Clientes,dbo.Usuarios
Kristin,Randall,KristinRandall,KristinHall,80.0,"{'nombre': 'Kristin', 'apellido': 'Hall'}",crm.Clientes,dbo.Usuarios
Kristin,Randall,KristinRandall,KristinRandall,100.0,"{'nombre': 'Kristin', 'apellido': 'Randall'}",crm.Clientes,dbo.Usuarios
Kristin,Randall,KristinRandall,KristinHall,80.0,"{'nombre': 'Kristin', 'apellido': 'Hall'}",crm.Clientes,dbo.Usuarios
Bradley,Nguyen,BradleyNguyen,BradleyNguyen,100.0,"{'nombre': 'Bradley', 'apellido': 'Nguyen'}",crm.Clientes,dbo.Usuarios
Bradley,Nguyen,BradleyNguyen,BradleyNguyen,100.0,"{'nombre': 'Bradley', 'apellido': 'Nguyen'}",crm.Clientes,dbo.Usuarios
Bradley,Nguyen,BradleyNguyen,BradleyNguyen,100.0,"{'nombre': 'Bradley', 'apellido': 'Nguyen'}",crm.Clientes,dbo.Usuarios
Bradley,Nguyen,BradleyNguyen,BradleyNguyen,100.0,"{'nombre': 'Bradley', 'apellido': 'Nguyen'}",crm.Clientes,dbo.Usuarios
Lance,Rice,LanceRice,LanceRice,100.0,"{'nombre': 'Lance', 'apellido': 'Rice'}",crm.Clientes,dbo.Usuarios
Lance,Rice,LanceRice,LanceRice,100.0,"{'nombre': 'Lance', 'apellido': 'Rice'}",crm.Clientes,dbo.Usuarios
Lance,Rice,LanceRice,LanceRice,100.0,"{'nombre': 'Lance', 'apellido': 'Rice'}",crm.Clientes,dbo.Usuarios
Lance,Rice,LanceRice,LanceRice,100.0,"{'nombre': 'Lance', 'apellido': 'Rice'}",crm.Clientes,dbo.Usuarios
Paul,Perkins,PaulPerkins,PaulPerkins,100.0,"{'nombre': 'Paul', 'apellido': 'Perkins'}",crm.Clientes,dbo.Usuarios
Paul,Perkins,PaulPerkins,PaulPerkins,100.0,"{'nombre': 'Paul', 'apellido': 'Perkins'}",crm.Clientes,dbo.Usuarios
Paul,Perkins,PaulPerkins,PaulPerkins,100.0,"{'nombre': 'Paul', 'apellido': 'Perkins'}",crm.Clientes,dbo.Usuarios
Paul,Perkins,PaulPerkins,PaulPerkins,100.0,"{'nombre': 'Paul', 'apellido': 'Perkins'}",crm.Clientes,dbo.Usuarios
Jessica,Baker,JessicaBaker,JessicaHayes,75.0,"{'nombre': 'Jessica', 'apellido': 'Hayes'}",crm.Clientes,dbo.Usuarios
Jessica,Baker,JessicaBaker,JessicaHayes,75.0,"{'nombre': 'Jessica', 'apellido': 'Hayes'}",crm.Clientes,dbo.Usuarios
Jessica,Baker,JessicaBaker,JessicaHayes,75.0,"{'nombre': 'Jessica', 'apellido': 'Hayes'}",crm.Clientes,dbo.Usuarios
Jessica,Baker,JessicaBaker,JessicaHayes,75.0,"{'nombre': 'Jessica', 'apellido': 'Hayes'}",crm.Clientes,dbo.Usuarios
Robert,Young,RobertYoung,RobertoChang,78.26086956521739,"{'nombre': 'Roberto', 'apellido': 'Chang'}",crm.Clientes,dbo.Usuarios
Robert,Young,RobertYoung,RobertoChang,78.26086956521739,"{'nombre': 'Roberto', 'apellido': 'Chang'}",crm.Clientes,dbo.Usuarios
Robert,Young,RobertYoung,RobertoChang,78.26086956521739,"{'nombre': 'Roberto', 'apellido': 'Chang'}",crm.Clientes,dbo.Usuarios
Robert,Young,RobertYoung,RobertoChang,78.26086956521739,"{'nombre': 'Roberto', 'apellido': 'Chang'}",crm.Clientes,dbo.Usuarios
Christina,Miranda,ChristinaMiranda,KristinRandall,73.33333333333334,"{'nombre': 'Kristin', 'apellido': 'Randall'}",crm.Clientes,dbo.Usuarios
Christina,Miranda,ChristinaMiranda,ChristianMartin,70.96774193548387,"{'nombre': 'Christian', 'apellido': 'Martin'}",crm.Clientes,dbo.Usuarios
Christina,Miranda,ChristinaMiranda,KristinRandall,73.33333333333334,"{'nombre': 'Kristin', 'apellido': 'Randall'}",crm.Clientes,dbo.Usuarios
Christina,Miranda,ChristinaMiranda,ChristianMartin,70.96774193548387,"{'nombre': 'Christian', 'apellido': 'Martin'}",crm.Clientes,dbo.Usuarios
Christina,Miranda,ChristinaMiranda,KristinRandall,73.33333333333333,"{'nombre': 'Kristin', 'apellido': 'Randall'}",crm.Clientes,dbo.Usuarios
Christina,Miranda,ChristinaMiranda,ChristianMartin,70.96774193548387,"{'nombre': 'Christian', 'apellido': 'Martin'}",crm.Clientes,dbo.Usuarios
Christina,Miranda,ChristinaMiranda,KristinRandall,73.33333333333334,"{'nombre': 'Kristin', 'apellido': 'Randall'}",crm.Clientes,dbo.Usuarios
Christina,Miranda,ChristinaMiranda,ChristianMartin,70.96774193548387,"{'nombre': 'Christian', 'apellido': 'Martin'}",crm.Clientes,dbo.Usuarios
Jessica,Bell,JessicaBell,JessicaElliott,80.0,"{'nombre': 'Jessica', 'apellido': 'Elliott'}",crm.Clientes,dbo.Usuarios
Jessica,Bell,JessicaBell,JessicaElliott,80.0,"{'nombre': 'Jessica', 'apellido': 'Elliott'}",crm.Clientes,dbo.Usuarios
Jessica,Bell,JessicaBell,JessicaElliott,80.0,"{'nombre': 'Jessica', 'apellido': 'Elliott'}",crm.Clientes,dbo.Usuarios
Jessica,Bell,JessicaBell,JessicaElliott,80.0,"{'nombre': 'Jessica', 'apellido': 'Elliott'}",crm.Clientes,dbo.Usuarios
Gregory,Rodriguez,GregoryRodriguez,HaleyRodriguez,73.33333333333334,"{'nombre': 'Haley', 'apellido': 'Rodriguez'}",crm.Clientes,dbo.Usuarios
Gregory,Rodriguez,GregoryRodriguez,HaleyRodriguez,73.33333333333334,"{'nombre': 'Haley', 'apellido': 'Rodriguez'}",crm.Clientes,dbo.Usuarios
Gregory,Rodriguez,GregoryRodriguez,HaleyRodriguez,73.33333333333333,"{'nombre': 'Haley', 'apellido': 'Rodriguez'}",crm.Clientes,dbo.Usuarios
Gregory,Rodriguez,GregoryRodriguez,HaleyRodriguez,73.33333333333334,"{'nombre': 'Haley', 'apellido': 'Rodriguez'}",crm.Clientes,dbo.Usuarios
Stephen,Hensley,StephenHensley,StephanieWiley,71.42857142857143,"{'nombre': 'Stephanie', 'apellido': 'Wiley'}",crm.Clientes,dbo.Usuarios
Stephen,Hensley,StephenHensley,StephanieWiley,71.42857142857143,"{'nombre': 'Stephanie', 'apellido': 'Wiley'}",crm.Clientes,dbo.Usuarios
Stephen,Hensley,StephenHensley,StephanieWiley,71.42857142857143,"{'nombre': 'Stephanie', 'apellido': 'Wiley'}",crm.Clientes,dbo.Usuarios
Stephen,Hensley,StephenHensley,StephanieWiley,71.42857142857143,"{'nombre': 'Stephanie', 'apellido': 'Wiley'}",crm.Clientes,dbo.Usuarios
Douglas,Miller,DouglasMiller,DouglasWilliams,71.42857142857143,"{'nombre': 'Douglas', 'apellido': 'Williams'}",crm.Clientes,dbo.Usuarios
Douglas,Miller,DouglasMiller,DouglasWilliams,71.42857142857143,"{'nombre': 'Douglas', 'apellido': 'Williams'}",crm.Clientes,dbo.Usuarios
Douglas,Miller,DouglasMiller,DouglasWilliams,71.42857142857143,"{'nombre': 'Douglas', 'apellido': 'Williams'}",crm.Clientes,dbo.Usuarios
Douglas,Miller,DouglasMiller,DouglasWilliams,71.42857142857143,"{'nombre': 'Douglas', 'apellido': 'Williams'}",crm.Clientes,dbo.Usuarios
Denise,Burton,DeniseBurton,DeniseByrd,72.72727272727273,"{'nombre': 'Denise', 'apellido': 'Byrd'}",crm.Clientes,dbo.Usuarios
Denise,Burton,DeniseBurton,DeniseByrd,72.72727272727273,"{'nombre': 'Denise', 'apellido': 'Byrd'}",crm.Clientes,dbo.Usuarios
Denise,Burton,DeniseBurton,DeniseByrd,72.72727272727272,"{'nombre': 'Denise', 'apellido': 'Byrd'}",crm.Clientes,dbo.Usuarios
Denise,Burton,DeniseBurton,DeniseByrd,72.72727272727273,"{'nombre': 'Denise', 'apellido': 'Byrd'}",crm.Clientes,dbo.Usuarios
Deborah,Thomas,DeborahThomas,DeborahDavis,72.0,"{'nombre': 'Deborah', 'apellido': 'Davis'}",crm.Clientes,dbo.Usuarios
Deborah,Thomas,DeborahThomas,DeborahDavis,72.0,"{'nombre': 'Deborah', 'apellido': 'Davis'}",crm.Clientes,dbo.Usuarios
Deborah,Thomas,DeborahThomas,DeborahDavis,72.0,"{'nombre': 'Deborah', 'apellido': 'Davis'}",crm.Clientes,dbo.Usuarios
Deborah,Thomas,DeborahThomas,DeborahDavis,72.0,"{'nombre': 'Deborah', 'apellido': 'Davis'}",crm.Clientes,dbo.Usuarios
Michael,Thompson,MichaelThompson,CarmenThompson,75.86206896551724,"{'nombre': 'Carmen', 'apellido': 'Thompson'}",crm.Clientes,dbo.Usuarios
Michael,Thompson,MichaelThompson,NicoleThompson,75.86206896551724,"{'nombre': 'Nicole', 'apellido': 'Thompson'}",crm.Clientes,dbo.Usuarios
Michael,Thompson,MichaelThompson,MichaelRobinson,73.33333333333334,"{'nombre': 'Michael', 'apellido': 'Robinson'}",crm.Clientes,dbo.Usuarios
Michael,Thompson,MichaelThompson,SamanthaThompson,70.96774193548387,"{'nombre': 'Samantha', 'apellido': 'Thompson'}",crm.Clientes,dbo.Usuarios
Michael,Thompson,MichaelThompson,CarmenThompson,75.86206896551724,"{'nombre': 'Carmen', 'apellido': 'Thompson'}",crm.Clientes,dbo.Usuarios
Michael,Thompson,MichaelThompson,NicoleThompson,75.86206896551724,"{'nombre': 'Nicole', 'apellido': 'Thompson'}",crm.Clientes,dbo.Usuarios
Michael,Thompson,MichaelThompson,MichaelRobinson,73.33333333333334,"{'nombre': 'Michael', 'apellido': 'Robinson'}",crm.Clientes,dbo.Usuarios
Michael,Thompson,MichaelThompson,SamanthaThompson,70.96774193548387,"{'nombre': 'Samantha', 'apellido': 'Thompson'}",crm.Clientes,dbo.Usuarios
Michael,Thompson,MichaelThompson,CarmenThompson,75.86206896551724,"{'nombre': 'Carmen', 'apellido': 'Thompson'}",crm.Clientes,dbo.Usuarios
Michael,Thompson,MichaelThompson,NicoleThompson,75.86206896551724,"{'nombre': 'Nicole', 'apellido': 'Thompson'}",crm.Clientes,dbo.Usuarios
Michael,Thompson,MichaelThompson,MichaelRobinson,73.33333333333333,"{'nombre': 'Michael', 'apellido': 'Robinson'}",crm.Clientes,dbo.Usuarios
Michael,Thompson,MichaelThompson,SamanthaThompson,70.96774193548387,"{'nombre': 'Samantha', 'apellido': 'Thompson'}",crm.Clientes,dbo.Usuarios
Michael,Thompson,MichaelThompson,CarmenThompson,75.86206896551724,"{'nombre': 'Carmen', 'apellido': 'Thompson'}",crm.Clientes,dbo.Usuarios
Michael,Thompson,MichaelThompson,NicoleThompson,75.86206896551724,"{'nombre': 'Nicole', 'apellido': 'Thompson'}",crm.Clientes,dbo.Usuarios
Michael,Thompson,MichaelThompson,MichaelRobinson,73.33333333333334,"{'nombre': 'Michael', 'apellido': 'Robinson'}",crm.Clientes,dbo.Usuarios
Michael,Thompson,MichaelThompson,SamanthaThompson,70.96774193548387,"{'nombre': 'Samantha', 'apellido': 'Thompson'}",crm.Clientes,dbo.Usuarios
Nicole,Thompson,NicoleThompson,NicoleThompson,100.0,"{'nombre': 'Nicole', 'apellido': 'Thompson'}",crm.Clientes,dbo.Usuarios
Nicole,Thompson,NicoleThompson,CarmenThompson,71.42857142857143,"{'nombre': 'Carmen', 'apellido': 'Thompson'}",crm.Clientes,dbo.Usuarios
Nicole,Thompson,NicoleThompson,NicoleThompson,100.0,"{'nombre': 'Nicole', 'apellido': 'Thompson'}",crm.Clientes,dbo.Usuarios
Nicole,Thompson,NicoleThompson,CarmenThompson,71.42857142857143,"{'nombre': 'Carmen', 'apellido': 'Thompson'}",crm.Clientes,dbo.Usuarios
Nicole,Thompson,NicoleThompson,NicoleThompson,100.0,"{'nombre': 'Nicole', 'apellido': 'Thompson'}",crm.Clientes,dbo.Usuarios
Nicole,Thompson,NicoleThompson,CarmenThompson,71.42857142857143,"{'nombre': 'Carmen', 'apellido': 'Thompson'}",crm.Clientes,dbo.Usuarios
Nicole,Thompson,NicoleThompson,NicoleThompson,100.0,"{'nombre': 'Nicole', 'apellido': 'Thompson'}",crm.Clientes,dbo.Usuarios
Nicole,Thompson,NicoleThompson,CarmenThompson,71.42857142857143,"{'nombre': 'Carmen', 'apellido': 'Thompson'}",crm.Clientes,dbo.Usuarios
Carl,Gonzalez,CarlGonzalez,AprilGonzalez,88.0,"{'nombre': 'April', 'apellido': 'Gonzalez'}",crm.Clientes,dbo.Usuarios
Carl,Gonzalez,CarlGonzalez,MichaelGonzalez,81.4814814814815,"{'nombre': 'Michael', 'apellido': 'Gonzalez'}",crm.Clientes,dbo.Usuarios
Carl,Gonzalez,CarlGonzalez,AprilGonzalez,88.0,"{'nombre': 'April', 'apellido': 'Gonzalez'}",crm.Clientes,dbo.Usuarios
Carl,Gonzalez,CarlGonzalez,MichaelGonzalez,81.4814814814815,"{'nombre': 'Michael', 'apellido': 'Gonzalez'}",crm.Clientes,dbo.Usuarios
Carl,Gonzalez,CarlGonzalez,AprilGonzalez,88.0,"{'nombre': 'April', 'apellido': 'Gonzalez'}",crm.Clientes,dbo.Usuarios
Carl,Gonzalez,CarlGonzalez,MichaelGonzalez,81.48148148148148,"{'nombre': 'Michael', 'apellido': 'Gonzalez'}",crm.Clientes,dbo.Usuarios
Carl,Gonzalez,CarlGonzalez,AprilGonzalez,88.0,"{'nombre': 'April', 'apellido': 'Gonzalez'}",crm.Clientes,dbo.Usuarios
Carl,Gonzalez,CarlGonzalez,MichaelGonzalez,81.4814814814815,"{'nombre': 'Michael', 'apellido': 'Gonzalez'}",crm.Clientes,dbo.Usuarios
Mark,Reyes,MarkReyes,MarkFlores,73.6842105263158,"{'nombre': 'Mark', 'apellido': 'Flores'}",crm.Clientes,dbo.Usuarios
Mark,Reyes,MarkReyes,MarkFlores,73.6842105263158,"{'nombre': 'Mark', 'apellido': 'Flores'}",crm.Clientes,dbo.Usuarios
Mark,Reyes,MarkReyes,MarkFlores,73.6842105263158,"{'nombre': 'Mark', 'apellido': 'Flores'}",crm.Clientes,dbo.Usuarios
Mark,Reyes,MarkReyes,MarkFlores,73.6842105263158,"{'nombre': 'Mark', 'apellido': 'Flores'}",crm.Clientes,dbo.Usuarios
John,Sanchez,JohnSanchez,LynnSanchez,72.72727272727273,"{'nombre': 'Lynn', 'apellido': 'Sanchez'}",crm.Clientes,dbo.Usuarios
John,Sanchez,JohnSanchez,LynnSanchez,72.72727272727273,"{'nombre': 'Lynn', 'apellido': 'Sanchez'}",crm.Clientes,dbo.Usuarios
John,Sanchez,JohnSanchez,LynnSanchez,72.72727272727272,"{'nombre': 'Lynn', 'apellido': 'Sanchez'}",crm.Clientes,dbo.Usuarios
John,Sanchez,JohnSanchez,LynnSanchez,72.72727272727273,"{'nombre': 'Lynn', 'apellido': 'Sanchez'}",crm.Clientes,dbo.Usuarios
Elizabeth,Marshall,ElizabethMarshall,ElizabethSmith,70.96774193548387,"{'nombre': 'Elizabeth', 'apellido': 'Smith'}",crm.Clientes,dbo.Usuarios
Elizabeth,Marshall,ElizabethMarshall,ElizabethSmith,70.96774193548387,"{'nombre': 'Elizabeth', 'apellido': 'Smith'}",crm.Clientes,dbo.Usuarios
Elizabeth,Marshall,ElizabethMarshall,ElizabethSmith,70.96774193548387,"{'nombre': 'Elizabeth', 'apellido': 'Smith'}",crm.Clientes,dbo.Usuarios
Elizabeth,Marshall,ElizabethMarshall,ElizabethSmith,70.96774193548387,"{'nombre': 'Elizabeth', 'apellido': 'Smith'}",crm.Clientes,dbo.Usuarios
Jaime,Carroll,JaimeCarroll,StephanieCarroll,71.42857142857143,"{'nombre': 'Stephanie', 'apellido': 'Carroll'}",crm.Clientes,dbo.Usuarios
Jaime,Carroll,JaimeCarroll,StephanieCarroll,71.42857142857143,"{'nombre': 'Stephanie', 'apellido': 'Carroll'}",crm.Clientes,dbo.Usuarios
Jaime,Carroll,JaimeCarroll,StephanieCarroll,71.42857142857143,"{'nombre': 'Stephanie', 'apellido': 'Carroll'}",crm.Clientes,dbo.Usuarios
Jaime,Carroll,JaimeCarroll,StephanieCarroll,71.42857142857143,"{'nombre': 'Stephanie', 'apellido': 'Carroll'}",crm.Clientes,dbo.Usuarios
Joseph,Hogan,JosephHogan,JosephYang,76.19047619047619,"{'nombre': 'Joseph', 'apellido': 'Yang'}",crm.Clientes,dbo.Usuarios
Joseph,Hogan,JosephHogan,JosephMason,72.72727272727273,"{'nombre': 'Joseph', 'apellido': 'Mason'}",crm.Clientes,dbo.Usuarios
Joseph,Hogan,JosephHogan,JosephYang,76.19047619047619,"{'nombre': 'Joseph', 'apellido': 'Yang'}",crm.Clientes,dbo.Usuarios
Joseph,Hogan,JosephHogan,JosephMason,72.72727272727273,"{'nombre': 'Joseph', 'apellido': 'Mason'}",crm.Clientes,dbo.Usuarios
Joseph,Hogan,JosephHogan,JosephYang,76.19047619047619,"{'nombre': 'Joseph', 'apellido': 'Yang'}",crm.Clientes,dbo.Usuarios
Joseph,Hogan,JosephHogan,JosephMason,72.72727272727272,"{'nombre': 'Joseph', 'apellido': 'Mason'}",crm.Clientes,dbo.Usuarios
Joseph,Hogan,JosephHogan,JosephYang,76.19047619047619,"{'nombre': 'Joseph', 'apellido': 'Yang'}",crm.Clientes,dbo.Usuarios
Joseph,Hogan,JosephHogan,JosephMason,72.72727272727273,"{'nombre': 'Joseph', 'apellido': 'Mason'}",crm.Clientes,dbo.Usuarios
Kimberly,Ross,KimberlyRoss,KimberlyJohnson,74.07407407407408,"{'nombre': 'Kimberly', 'apellido': 'Johnson'}",crm.Clientes,dbo.Usuarios
Kimberly,Ross,KimberlyRoss,KimberlyJohnson,74.07407407407408,"{'nombre': 'Kimberly', 'apellido': 'Johnson'}",crm.Clientes,dbo.Usuarios
Kimberly,Ross,KimberlyRoss,KimberlyJohnson,74.07407407407408,"{'nombre': 'Kimberly', 'apellido': 'Johnson'}",crm.Clientes,dbo.Usuarios
Kimberly,Ross,KimberlyRoss,KimberlyJohnson,74.07407407407408,"{'nombre': 'Kimberly', 'apellido': 'Johnson'}",crm.Clientes,dbo.Usuarios
Beth,Smith,BethSmith,ElizabethSmith,90.0,"{'nombre': 'Elizabeth', 'apellido': 'Smith'}",crm.Clientes,dbo.Usuarios
Beth,Smith,BethSmith,ThomasSmith,70.0,"{'nombre': 'Thomas', 'apellido': 'Smith'}",crm.Clientes,dbo.Usuarios
Beth,Smith,BethSmith,ElizabethSmith,78.26086956521739,"{'nombre': 'Elizabeth', 'apellido': 'Smith'}",crm.Clientes,dbo.Usuarios
Beth,Smith,BethSmith,ThomasSmith,70.0,"{'nombre': 'Thomas', 'apellido': 'Smith'}",crm.Clientes,dbo.Usuarios
Beth,Smith,BethSmith,ElizabethSmith,78.26086956521739,"{'nombre': 'Elizabeth', 'apellido': 'Smith'}",crm.Clientes,dbo.Usuarios
Beth,Smith,BethSmith,ThomasSmith,70.0,"{'nombre': 'Thomas', 'apellido': 'Smith'}",crm.Clientes,dbo.Usuarios
Beth,Smith,BethSmith,ElizabethSmith,78.26086956521739,"{'nombre': 'Elizabeth', 'apellido': 'Smith'}",crm.Clientes,dbo.Usuarios
Beth,Smith,BethSmith,ThomasSmith,70.0,"{'nombre': 'Thomas', 'apellido': 'Smith'}",crm.Clientes,dbo.Usuarios
Theresa,Johnson,TheresaJohnson,TeresaJones,80.0,"{'nombre': 'Teresa', 'apellido': 'Jones'}",crm.Clientes,dbo.Usuarios
Theresa,Johnson,TheresaJohnson,NathanJohnson,74.07407407407408,"{'nombre': 'Nathan', 'apellido': 'Johnson'}",crm.Clientes,dbo.Usuarios
Theresa,Johnson,TheresaJohnson,TeresaJones,80.0,"{'nombre': 'Teresa', 'apellido': 'Jones'}",crm.Clientes,dbo.Usuarios
Theresa,Johnson,TheresaJohnson,NathanJohnson,74.07407407407408,"{'nombre': 'Nathan', 'apellido': 'Johnson'}",crm.Clientes,dbo.Usuarios
Theresa,Johnson,TheresaJohnson,TeresaJones,80.0,"{'nombre': 'Teresa', 'apellido': 'Jones'}",crm.Clientes,dbo.Usuarios
Theresa,Johnson,TheresaJohnson,NathanJohnson,74.07407407407408,"{'nombre': 'Nathan', 'apellido': 'Johnson'}",crm.Clientes,dbo.Usuarios
Theresa,Johnson,TheresaJohnson,TeresaJones,80.0,"{'nombre': 'Teresa', 'apellido': 'Jones'}",crm.Clientes,dbo.Usuarios
Theresa,Johnson,TheresaJohnson,NathanJohnson,74.07407407407408,"{'nombre': 'Nathan', 'apellido': 'Johnson'}",crm.Clientes,dbo.Usuarios
Terry,Gonzalez,TerryGonzalez,TimothyGonzalez,71.42857142857143,"{'nombre': 'Timothy', 'apellido': 'Gonzalez'}",crm.Clientes,dbo.Usuarios
Terry,Gonzalez,TerryGonzalez,TimothyGonzalez,71.42857142857143,"{'nombre': 'Timothy', 'apellido': 'Gonzalez'}",crm.Clientes,dbo.Usuarios
Terry,Gonzalez,TerryGonzalez,TimothyGonzalez,71.42857142857143,"{'nombre': 'Timothy', 'apellido': 'Gonzalez'}",crm.Clientes,dbo.Usuarios
Terry,Gonzalez,TerryGonzalez,TimothyGonzalez,71.42857142857143,"{'nombre': 'Timothy', 'apellido': 'Gonzalez'}",crm.Clientes,dbo.Usuarios
Michael,Morris,MichaelMorris,MichaelJones,72.0,"{'nombre': 'Michael', 'apellido': 'Jones'}",crm.Clientes,dbo.Usuarios
Michael,Morris,MichaelMorris,MichaelParks,72.0,"{'nombre': 'Michael', 'apellido': 'Parks'}",crm.Clientes,dbo.Usuarios
Michael,Morris,MichaelMorris,MichaelRobinson,71.42857142857143,"{'nombre': 'Michael', 'apellido': 'Robinson'}",crm.Clientes,dbo.Usuarios
Michael,Morris,MichaelMorris,MichaelJones,72.0,"{'nombre': 'Michael', 'apellido': 'Jones'}",crm.Clientes,dbo.Usuarios
Michael,Morris,MichaelMorris,MichaelParks,72.0,"{'nombre': 'Michael', 'apellido': 'Parks'}",crm.Clientes,dbo.Usuarios
Michael,Morris,MichaelMorris,MichaelRobinson,71.42857142857143,"{'nombre': 'Michael', 'apellido': 'Robinson'}",crm.Clientes,dbo.Usuarios
Michael,Morris,MichaelMorris,MichaelJones,72.0,"{'nombre': 'Michael', 'apellido': 'Jones'}",crm.Clientes,dbo.Usuarios
Michael,Morris,MichaelMorris,MichaelParks,72.0,"{'nombre': 'Michael', 'apellido': 'Parks'}",crm.Clientes,dbo.Usuarios
Michael,Morris,MichaelMorris,MichaelRobinson,71.42857142857143,"{'nombre': 'Michael', 'apellido': 'Robinson'}",crm.Clientes,dbo.Usuarios
Michael,Morris,MichaelMorris,MichaelJones,72.0,"{'nombre': 'Michael', 'apellido': 'Jones'}",crm.Clientes,dbo.Usuarios
Michael,Morris,MichaelMorris,MichaelParks,72.0,"{'nombre': 'Michael', 'apellido': 'Parks'}",crm.Clientes,dbo.Usuarios
Michael,Morris,MichaelMorris,MichaelRobinson,71.42857142857143,"{'nombre': 'Michael', 'apellido': 'Robinson'}",crm.Clientes,dbo.Usuarios
Adrian,Jones,AdrianJones,ReginaJones,72.72727272727273,"{'nombre': 'Regina', 'apellido': 'Jones'}",crm.Clientes,dbo.Usuarios
Adrian,Jones,AdrianJones,ReginaJones,72.72727272727273,"{'nombre': 'Regina', 'apellido': 'Jones'}",crm.Clientes,dbo.Usuarios
Adrian,Jones,AdrianJones,ReginaJones,72.72727272727272,"{'nombre': 'Regina', 'apellido': 'Jones'}",crm.Clientes,dbo.Usuarios
Adrian,Jones,AdrianJones,ReginaJones,72.72727272727273,"{'nombre': 'Regina', 'apellido': 'Jones'}",crm.Clientes,dbo.Usuarios
Ronnie,Chandler,RonnieChandler,ConnieChan,75.0,"{'nombre': 'Connie', 'apellido': 'Chan'}",crm.Clientes,dbo.Usuarios
Ronnie,Chandler,RonnieChandler,ConnieChan,75.0,"{'nombre': 'Connie', 'apellido': 'Chan'}",crm.Clientes,dbo.Usuarios
Ronnie,Chandler,RonnieChandler,ConnieChan,75.0,"{'nombre': 'Connie', 'apellido': 'Chan'}",crm.Clientes,dbo.Usuarios
Ronnie,Chandler,RonnieChandler,ConnieChan,75.0,"{'nombre': 'Connie', 'apellido': 'Chan'}",crm.Clientes,dbo.Usuarios
Christopher,Mcdonald,ChristopherMcdonald,ChristopherMorales,81.08108108108108,"{'nombre': 'Christopher', 'apellido': 'Morales'}",crm.Clientes,dbo.Usuarios
Christopher,Mcdonald,ChristopherMcdonald,ChristopherMoore,74.28571428571429,"{'nombre': 'Christopher', 'apellido': 'Moore'}",crm.Clientes,dbo.Usuarios
Christopher,Mcdonald,ChristopherMcdonald,ChristopherBowen,74.28571428571429,"{'nombre': 'Christopher', 'apellido': 'Bowen'}",crm.Clientes,dbo.Usuarios
Christopher,Mcdonald,ChristopherMcdonald,ChristopherLane,70.58823529411764,"{'nombre': 'Christopher', 'apellido': 'Lane'}",crm.Clientes,dbo.Usuarios
Christopher,Mcdonald,ChristopherMcdonald,ChristopherMorales,81.08108108108108,"{'nombre': 'Christopher', 'apellido': 'Morales'}",crm.Clientes,dbo.Usuarios
Christopher,Mcdonald,ChristopherMcdonald,ChristopherMoore,74.28571428571429,"{'nombre': 'Christopher', 'apellido': 'Moore'}",crm.Clientes,dbo.Usuarios
Christopher,Mcdonald,ChristopherMcdonald,ChristopherBowen,74.28571428571429,"{'nombre': 'Christopher', 'apellido': 'Bowen'}",crm.Clientes,dbo.Usuarios
Christopher,Mcdonald,ChristopherMcdonald,ChristopherLane,70.58823529411764,"{'nombre': 'Christopher', 'apellido': 'Lane'}",crm.Clientes,dbo.Usuarios
Christopher,Mcdonald,ChristopherMcdonald,ChristopherMorales,81.08108108108108,"{'nombre': 'Christopher', 'apellido': 'Morales'}",crm.Clientes,dbo.Usuarios
Christopher,Mcdonald,ChristopherMcdonald,ChristopherMoore,74.28571428571428,"{'nombre': 'Christopher', 'apellido': 'Moore'}",crm.Clientes,dbo.Usuarios
Christopher,Mcdonald,ChristopherMcdonald,ChristopherBowen,74.28571428571428,"{'nombre': 'Christopher', 'apellido': 'Bowen'}",crm.Clientes,dbo.Usuarios
Christopher,Mcdonald,ChristopherMcdonald,ChristopherLane,70.58823529411765,"{'nombre': 'Christopher', 'apellido': 'Lane'}",crm.Clientes,dbo.Usuarios
Christopher,Mcdonald,ChristopherMcdonald,ChristopherMorales,81.08108108108108,"{'nombre': 'Christopher', 'apellido': 'Morales'}",crm.Clientes,dbo.Usuarios
Christopher,Mcdonald,ChristopherMcdonald,ChristopherMoore,74.28571428571429,"{'nombre': 'Christopher', 'apellido': 'Moore'}",crm.Clientes,dbo.Usuarios
Christopher,Mcdonald,ChristopherMcdonald,ChristopherBowen,74.28571428571429,"{'nombre': 'Christopher', 'apellido': 'Bowen'}",crm.Clientes,dbo.Usuarios
Christopher,Mcdonald,ChristopherMcdonald,ChristopherLane,70.58823529411764,"{'nombre': 'Christopher', 'apellido': 'Lane'}",crm.Clientes,dbo.Usuarios
Adrian,Smith,AdrianSmith,KarenSmith,76.19047619047619,"{'nombre': 'Karen', 'apellido': 'Smith'}",crm.Clientes,dbo.Usuarios
Adrian,Smith,AdrianSmith,SarahSmith,76.19047619047619,"{'nombre': 'Sarah', 'apellido': 'Smith'}",crm.Clientes,dbo.Usuarios
Adrian,Smith,AdrianSmith,DanielSmith,72.72727272727273,"{'nombre': 'Daniel', 'apellido': 'Smith'}",crm.Clientes,dbo.Usuarios
Adrian,Smith,AdrianSmith,DanielSmith,72.72727272727273,"{'nombre': 'Daniel', 'apellido': 'Smith'}",crm.Clientes,dbo.Usuarios
Adrian,Smith,AdrianSmith,KarenSmith,76.19047619047619,"{'nombre': 'Karen', 'apellido': 'Smith'}",crm.Clientes,dbo.Usuarios
Adrian,Smith,AdrianSmith,SarahSmith,76.19047619047619,"{'nombre': 'Sarah', 'apellido': 'Smith'}",crm.Clientes,dbo.Usuarios
Adrian,Smith,AdrianSmith,DanielSmith,72.72727272727273,"{'nombre': 'Daniel', 'apellido': 'Smith'}",crm.Clientes,dbo.Usuarios
Adrian,Smith,AdrianSmith,DanielSmith,72.72727272727273,"{'nombre': 'Daniel', 'apellido': 'Smith'}",crm.Clientes,dbo.Usuarios
Adrian,Smith,AdrianSmith,KarenSmith,76.19047619047619,"{'nombre': 'Karen', 'apellido': 'Smith'}",crm.Clientes,dbo.Usuarios
Adrian,Smith,AdrianSmith,SarahSmith,76.19047619047619,"{'nombre': 'Sarah', 'apellido': 'Smith'}",crm.Clientes,dbo.Usuarios
Adrian,Smith,AdrianSmith,DanielSmith,72.72727272727272,"{'nombre': 'Daniel', 'apellido': 'Smith'}",crm.Clientes,dbo.Usuarios
Adrian,Smith,AdrianSmith,DanielSmith,72.72727272727272,"{'nombre': 'Daniel', 'apellido': 'Smith'}",crm.Clientes,dbo.Usuarios
Adrian,Smith,AdrianSmith,KarenSmith,76.19047619047619,"{'nombre': 'Karen', 'apellido': 'Smith'}",crm.Clientes,dbo.Usuarios
Adrian,Smith,AdrianSmith,SarahSmith,76.19047619047619,"{'nombre': 'Sarah', 'apellido': 'Smith'}",crm.Clientes,dbo.Usuarios
Adrian,Smith,AdrianSmith,DanielSmith,72.72727272727273,"{'nombre': 'Daniel', 'apellido': 'Smith'}",crm.Clientes,dbo.Usuarios
Adrian,Smith,AdrianSmith,DanielSmith,72.72727272727273,"{'nombre': 'Daniel', 'apellido': 'Smith'}",crm.Clientes,dbo.Usuarios
Richard,Drake,RichardDrake,RichardCasey,75.0,"{'nombre': 'Richard', 'apellido': 'Casey'}",crm.Clientes,dbo.Usuarios
Richard,Drake,RichardDrake,RichardCasey,75.0,"{'nombre': 'Richard', 'apellido': 'Casey'}",crm.Clientes,dbo.Usuarios
Richard,Drake,RichardDrake,RichardCasey,75.0,"{'nombre': 'Richard', 'apellido': 'Casey'}",crm.Clientes,dbo.Usuarios
Richard,Drake,RichardDrake,RichardCasey,75.0,"{'nombre': 'Richard', 'apellido': 'Casey'}",crm.Clientes,dbo.Usuarios
Christopher,Williams,ChristopherWilliams,ChristopherLane,76.47058823529412,"{'nombre': 'Christopher', 'apellido': 'Lane'}",crm.Clientes,dbo.Usuarios
Christopher,Williams,ChristopherWilliams,WilliamBanks,72.0,"{'nombre': 'William', 'apellido': 'Banks'}",crm.Clientes,dbo.Usuarios
Christopher,Williams,ChristopherWilliams,WilliamSmith,72.0,"{'nombre': 'William', 'apellido': 'Smith'}",crm.Clientes,dbo.Usuarios
Christopher,Williams,ChristopherWilliams,WilliamSmith,72.0,"{'nombre': 'William', 'apellido': 'Smith'}",crm.Clientes,dbo.Usuarios
Christopher,Williams,ChristopherWilliams,ChristopherMorales,70.27027027027026,"{'nombre': 'Christopher', 'apellido': 'Morales'}",crm.Clientes,dbo.Usuarios
Christopher,Williams,ChristopherWilliams,ChristopherLane,76.47058823529412,"{'nombre': 'Christopher', 'apellido': 'Lane'}",crm.Clientes,dbo.Usuarios
Christopher,Williams,ChristopherWilliams,ChristopherMorales,70.27027027027026,"{'nombre': 'Christopher', 'apellido': 'Morales'}",crm.Clientes,dbo.Usuarios
Christopher,Williams,ChristopherWilliams,ChristopherLane,76.47058823529412,"{'nombre': 'Christopher', 'apellido': 'Lane'}",crm.Clientes,dbo.Usuarios
Christopher,Williams,ChristopherWilliams,ChristopherMorales,70.27027027027027,"{'nombre': 'Christopher', 'apellido': 'Morales'}",crm.Clientes,dbo.Usuarios
Christopher,Williams,ChristopherWilliams,ChristopherLane,76.47058823529412,"{'nombre': 'Christopher', 'apellido': 'Lane'}",crm.Clientes,dbo.Usuarios
Christopher,Williams,ChristopherWilliams,ChristopherMorales,70.27027027027026,"{'nombre': 'Christopher', 'apellido': 'Morales'}",crm.Clientes,dbo.Usuarios
Jack,Perkins,JackPerkins,PaulPerkins,72.72727272727273,"{'nombre': 'Paul', 'apellido': 'Perkins'}",crm.Clientes,dbo.Usuarios
Jack,Perkins,JackPerkins,PaulPerkins,72.72727272727273,"{'nombre': 'Paul', 'apellido': 'Perkins'}",crm.Clientes,dbo.Usuarios
Jack,Perkins,JackPerkins,PaulPerkins,72.72727272727272,"{'nombre': 'Paul', 'apellido': 'Perkins'}",crm.Clientes,dbo.Usuarios
Jack,Perkins,JackPerkins,PaulPerkins,72.72727272727273,"{'nombre': 'Paul', 'apellido': 'Perkins'}",crm.Clientes,dbo.Usuarios
Luke,Torres,LukeTorres,StephanieTorres,74.11764705882352,"{'nombre': 'Stephanie', 'apellido': 'Torres'}",crm.Clientes,dbo.Usuarios
Joseph,Gordon,JosephGordon,JosephMoreno,75.0,"{'nombre': 'Joseph', 'apellido': 'Moreno'}",crm.Clientes,dbo.Usuarios
Joseph,Gordon,JosephGordon,JoanGordon,72.72727272727273,"{'nombre': 'Joan', 'apellido': 'Gordon'}",crm.Clientes,dbo.Usuarios
Joseph,Gordon,JosephGordon,JosephMoreno,75.0,"{'nombre': 'Joseph', 'apellido': 'Moreno'}",crm.Clientes,dbo.Usuarios
Joseph,Gordon,JosephGordon,JoanGordon,72.72727272727273,"{'nombre': 'Joan', 'apellido': 'Gordon'}",crm.Clientes,dbo.Usuarios
Joseph,Gordon,JosephGordon,JosephMoreno,75.0,"{'nombre': 'Joseph', 'apellido': 'Moreno'}",crm.Clientes,dbo.Usuarios
Joseph,Gordon,JosephGordon,JoanGordon,72.72727272727272,"{'nombre': 'Joan', 'apellido': 'Gordon'}",crm.Clientes,dbo.Usuarios
Joseph,Gordon,JosephGordon,JosephMoreno,75.0,"{'nombre': 'Joseph', 'apellido': 'Moreno'}",crm.Clientes,dbo.Usuarios
Joseph,Gordon,JosephGordon,JoanGordon,72.72727272727273,"{'nombre': 'Joan', 'apellido': 'Gordon'}",crm.Clientes,dbo.Usuarios
Julia,Williams,JuliaWilliams,DouglasWilliams,78.57142857142857,"{'nombre': 'Douglas', 'apellido': 'Williams'}",crm.Clientes,dbo.Usuarios
Julia,Williams,JuliaWilliams,BrianWilliams,76.92307692307692,"{'nombre': 'Brian', 'apellido': 'Williams'}",crm.Clientes,dbo.Usuarios
Julia,Williams,JuliaWilliams,JacobWilliams,76.92307692307692,"{'nombre': 'Jacob', 'apellido': 'Williams'}",crm.Clientes,dbo.Usuarios
Julia,Williams,JuliaWilliams,DouglasWilliams,78.57142857142857,"{'nombre': 'Douglas', 'apellido': 'Williams'}",crm.Clientes,dbo.Usuarios
Julia,Williams,JuliaWilliams,BrianWilliams,76.92307692307692,"{'nombre': 'Brian', 'apellido': 'Williams'}",crm.Clientes,dbo.Usuarios
Julia,Williams,JuliaWilliams,JacobWilliams,76.92307692307692,"{'nombre': 'Jacob', 'apellido': 'Williams'}",crm.Clientes,dbo.Usuarios
Julia,Williams,JuliaWilliams,DouglasWilliams,78.57142857142857,"{'nombre': 'Douglas', 'apellido': 'Williams'}",crm.Clientes,dbo.Usuarios
Julia,Williams,JuliaWilliams,BrianWilliams,76.92307692307692,"{'nombre': 'Brian', 'apellido': 'Williams'}",crm.Clientes,dbo.Usuarios
Julia,Williams,JuliaWilliams,JacobWilliams,76.92307692307692,"{'nombre': 'Jacob', 'apellido': 'Williams'}",crm.Clientes,dbo.Usuarios
Julia,Williams,JuliaWilliams,DouglasWilliams,78.57142857142857,"{'nombre': 'Douglas', 'apellido': 'Williams'}",crm.Clientes,dbo.Usuarios
Julia,Williams,JuliaWilliams,BrianWilliams,76.92307692307692,"{'nombre': 'Brian', 'apellido': 'Williams'}",crm.Clientes,dbo.Usuarios
Julia,Williams,JuliaWilliams,JacobWilliams,76.92307692307692,"{'nombre': 'Jacob', 'apellido': 'Williams'}",crm.Clientes,dbo.Usuarios
Joseph,Lucas,JosephLucas,JosephMason,72.72727272727273,"{'nombre': 'Joseph', 'apellido': 'Mason'}",crm.Clientes,dbo.Usuarios
Joseph,Lucas,JosephLucas,JosephMason,72.72727272727273,"{'nombre': 'Joseph', 'apellido': 'Mason'}",crm.Clientes,dbo.Usuarios
Joseph,Lucas,JosephLucas,JosephMason,72.72727272727272,"{'nombre': 'Joseph', 'apellido': 'Mason'}",crm.Clientes,dbo.Usuarios
Joseph,Lucas,JosephLucas,JosephMason,72.72727272727273,"{'nombre': 'Joseph', 'apellido': 'Mason'}",crm.Clientes,dbo.Usuarios
Andrew,Rodriguez,AndrewRodriguez,HaleyRodriguez,75.86206896551724,"{'nombre': 'Haley', 'apellido': 'Rodriguez'}",crm.Clientes,dbo.Usuarios
Andrew,Rodriguez,AndrewRodriguez,HaleyRodriguez,75.86206896551724,"{'nombre': 'Haley', 'apellido': 'Rodriguez'}",crm.Clientes,dbo.Usuarios
Andrew,Rodriguez,AndrewRodriguez,HaleyRodriguez,75.86206896551724,"{'nombre': 'Haley', 'apellido': 'Rodriguez'}",crm.Clientes,dbo.Usuarios
Andrew,Rodriguez,AndrewRodriguez,HaleyRodriguez,75.86206896551724,"{'nombre': 'Haley', 'apellido': 'Rodriguez'}",crm.Clientes,dbo.Usuarios
Susan,Green,SusanGreen,SusanFreeman,81.81818181818181,"{'nombre': 'Susan', 'apellido': 'Freeman'}",crm.Clientes,dbo.Usuarios
Susan,Green,SusanGreen,SusanFreeman,81.81818181818181,"{'nombre': 'Susan', 'apellido': 'Freeman'}",crm.Clientes,dbo.Usuarios
Susan,Green,SusanGreen,SusanFreeman,81.81818181818181,"{'nombre': 'Susan', 'apellido': 'Freeman'}",crm.Clientes,dbo.Usuarios
Susan,Green,SusanGreen,SusanFreeman,81.81818181818181,"{'nombre': 'Susan', 'apellido': 'Freeman'}",crm.Clientes,dbo.Usuarios
