score,match_query,first_name,full_name,match_results,last_name
100.0%,AprilGonzalez,April,April Gonzalez,,Gonzalez
100.0%,AprilGonzalez,April,April Gonzalez,,Gonzalez
100.0%,AprilGonzalez,April,April Gonzalez,,Gonzalez
100.0%,AprilGonzalez,April,April Gonzalez,,Gonzalez
100.0%,ColtonCollins,Colton,Colton Collins,,Collins
100.0%,ColtonCollins,Colton,Colton Collins,,Collins
100.0%,ColtonCollins,Colton,Colton Collins,,Collins
100.0%,ColtonCollins,Colton,Colton Collins,,Collins
100.0%,JosephYang,Joseph,Joseph Yang,,Yang
100.0%,JosephYang,Joseph,Joseph Yang,,Yang
